{"cameraMode":{"drawMode":2,"name":"Shaded Wireframe","section":"Shading Mode"},"sceneLighting":true,"audioPlay":false,"sceneViewState":{"showFog":true,"showMaterialUpdate":false,"showSkybox":true,"showFlares":true,"showImageEffects":true,"showParticleSystems":true},"in2DMode":false,"pivot":{"x":253.9674072265625,"y":-509.9205322265625,"z":924.1715698242188},"rotation":{"x":-0.3281213939189911,"y":0.20544111728668214,"z":-0.07334274053573609,"w":-0.9191075563430786},"size":990.0315551757813,"orthographic":false}